City_ID,City,Cloudiness,Country,Date,Humidity,Lat,Lng,Max Temp,Wind Speed
0,cidreira,98,BR,1600053846,89,-30.18,-50.21,65.73,8.81
1,nanortalik,52,GL,1600053847,74,60.14,-45.24,37.71,3.29
2,ushuaia,75,AR,1600053847,56,-54.8,-68.3,44.6,20.8
3,punta arenas,100,CL,1600053790,65,-53.15,-70.92,44.6,11.41
4,luderitz,0,NA,1600053847,67,-26.65,15.16,52.86,20.13
5,roebourne,1,AU,1600053847,20,-20.78,117.13,94.37,18.52
6,fene,100,ES,1600053548,72,43.45,-8.15,72.0,3.36
7,machiques,51,VE,1600053848,81,10.06,-72.55,77.61,3.94
8,faanui,34,PF,1600053848,76,-16.48,-151.75,78.62,8.52
9,atuona,2,PF,1600053848,75,-9.8,-139.03,78.62,15.23
10,nabire,97,ID,1600053842,78,-3.37,135.48,83.3,2.1
11,chokurdakh,82,RU,1600053848,43,70.63,147.92,57.81,7.18
12,fortuna,90,US,1600053849,100,40.6,-124.16,59.0,5.82
13,mahebourg,75,MU,1600053801,83,-20.41,57.7,69.8,12.75
14,port-gentil,100,GA,1600053262,82,-0.72,8.78,76.15,14.32
15,georgetown,20,MY,1600053849,79,5.41,100.34,84.2,4.7
16,lompoc,1,US,1600053607,87,34.64,-120.46,57.2,6.93
17,apricena,5,IT,1600053849,69,41.78,15.44,75.2,16.11
18,mataura,44,NZ,1600053850,84,-46.19,168.86,53.01,18.99
19,albany,93,US,1600053850,100,42.6,-73.97,64.0,5.12
20,kloulklubed,75,PW,1600053850,74,7.04,134.26,84.2,9.17
21,upernavik,92,GL,1600053850,94,72.79,-56.15,31.37,4.18
22,thompson,75,CA,1600053851,86,55.74,-97.86,41.0,5.82
23,fukue,20,JP,1600053851,65,32.69,128.84,80.6,6.93
24,makakilo city,1,US,1600053271,54,21.35,-158.09,87.8,11.41
25,straumen,98,NO,1600053727,93,63.87,11.3,52.0,12.75
26,tarbagatay,75,RU,1600053851,70,51.48,107.36,48.2,2.24
27,avarua,48,CK,1600053851,64,-21.21,-159.78,73.4,8.05
28,mount gambier,40,AU,1600053162,58,-37.83,140.77,59.0,12.75
29,castro,63,BR,1600053852,44,-24.79,-50.01,66.02,3.15
30,hobart,40,AU,1600053765,41,-42.88,147.33,57.2,23.04
31,qaanaaq,24,GL,1600053852,77,77.48,-69.36,20.28,10.54
32,constitucion,0,CL,1600053852,68,-35.33,-72.42,50.16,9.31
33,necochea,0,AR,1600053597,79,-38.55,-58.74,46.0,5.99
34,pointe michel,63,DM,1600053852,76,15.25,-61.38,82.83,9.66
35,yellowknife,75,CA,1600053853,64,62.46,-114.35,37.0,5.82
36,mancio lima,54,BR,1600053853,74,-7.61,-72.9,77.49,1.19
37,kapaa,1,US,1600053853,62,22.08,-159.32,84.2,11.41
38,arlit,67,NE,1600053853,13,18.74,7.39,93.07,5.75
39,los llanos de aridane,5,ES,1600053288,73,28.66,-17.92,71.6,5.82
40,alofi,75,NU,1600053854,57,-19.06,-169.92,75.2,14.99
41,grand gaube,0,MU,1600053854,77,-20.01,57.66,71.01,1.99
42,rikitea,23,PF,1600053854,85,-23.12,-134.97,73.65,15.35
43,the valley,20,AI,1600053854,83,18.22,-63.06,84.2,4.7
44,port hardy,90,CA,1600053854,100,50.7,-127.42,55.4,2.24
45,lasa,98,IT,1600053282,100,46.62,10.7,59.0,0.96
46,sochaczew,38,PL,1600053855,100,52.23,20.24,57.0,5.82
47,kiunga,95,PG,1600053855,63,-6.12,141.29,83.82,3.51
48,tual,97,ID,1600053855,77,-5.67,132.75,78.94,22.32
49,saint-philippe,75,RE,1600053856,93,-21.36,55.77,64.4,21.92
50,katherine,78,AU,1600053856,17,-14.47,132.27,95.0,18.34
51,kruisfontein,0,ZA,1600053856,67,-34.0,24.73,51.19,10.29
52,farmington,1,US,1600053667,22,36.73,-108.22,70.0,4.7
53,barrow,90,US,1600053856,86,71.29,-156.79,41.0,13.87
54,vaini,75,TO,1600053857,73,-21.2,-175.2,71.6,9.17
55,cootamundra,20,AU,1600053850,59,-34.65,148.03,64.0,3.0
56,port elizabeth,0,ZA,1600053857,76,-33.92,25.57,51.8,8.05
57,bulgan,98,MN,1600053857,63,48.81,103.53,44.15,14.16
58,tombouctou,0,ML,1600053857,14,20.0,-3.0,96.51,6.71
59,abrau-dyurso,0,RU,1600053858,67,44.69,37.59,60.01,6.71
60,khatanga,0,RU,1600053858,51,71.97,102.5,54.86,6.89
61,korla,0,CN,1600053858,23,41.76,86.15,69.8,9.51
62,hermanus,18,ZA,1600053858,64,-34.42,19.23,55.0,5.99
63,dikson,100,RU,1600053858,99,73.51,80.55,42.22,18.03
64,souillac,75,MU,1600053859,83,-20.52,57.52,69.8,12.75
65,miami beach,90,US,1600053664,83,25.79,-80.13,82.99,6.93
66,viedma,0,AR,1600053859,76,-40.81,-63.0,38.77,1.5
67,hay river,75,CA,1600053859,80,60.82,-115.8,35.6,4.34
68,san jose,90,US,1600053603,77,37.34,-121.89,66.99,9.17
69,dicabisagan,86,PH,1600053860,62,17.08,122.42,88.65,5.01
70,fare,20,PF,1600053785,77,-16.7,-151.02,79.0,10.98
71,san quintin,0,MX,1600053860,72,30.48,-115.95,72.41,10.11
72,elk plain,90,US,1600053860,93,47.05,-122.4,61.0,1.52
73,carnarvon,0,AU,1600053860,45,-24.87,113.63,84.2,6.93
74,naze,75,JP,1600053861,78,28.37,129.48,82.4,4.7
75,busselton,84,AU,1600053861,62,-33.65,115.33,66.0,4.36
76,kaitangata,59,NZ,1600053861,39,-46.28,169.85,63.0,17.0
77,chuy,96,UY,1600053861,94,-33.7,-53.46,55.74,10.83
78,flinders,17,AU,1600053269,71,-34.58,150.86,66.99,3.0
79,norman wells,40,CA,1600053604,60,65.28,-126.83,42.8,3.36
80,provideniya,90,RU,1600053266,93,64.38,-173.3,48.2,13.42
81,tuktoyaktuk,90,CA,1600053862,86,69.45,-133.04,39.2,28.86
82,clyde river,90,CA,1600053862,84,70.47,-68.59,33.8,3.36
83,hithadhoo,30,MV,1600053862,68,-0.6,73.08,81.34,4.65
84,pangai,40,TO,1600053862,73,-19.8,-174.35,75.2,12.75
85,new norfolk,84,AU,1600053863,58,-42.78,147.06,57.0,7.0
86,tessalit,0,ML,1600053300,14,20.2,1.01,91.13,7.31
87,sorong,100,ID,1600053835,87,-0.88,131.25,78.89,12.73
88,harper,99,LR,1600053109,89,4.38,-7.72,76.17,10.76
89,anadyr,40,RU,1600053863,87,64.75,177.48,46.4,17.9
90,jamestown,90,US,1600053864,82,42.1,-79.24,64.0,6.93
91,biak,49,ID,1600053326,62,-0.91,122.88,81.99,10.69
92,kirishi,0,RU,1600053864,94,59.45,32.02,46.94,8.05
93,cape town,20,ZA,1600053834,76,-33.93,18.42,55.99,9.17
94,bredasdorp,5,ZA,1600053864,71,-34.53,20.04,53.6,12.75
95,nurota,0,UZ,1600053865,44,40.56,65.69,60.8,4.7
96,ascension,1,US,1600053865,88,30.22,-90.9,81.0,3.36
97,lorengau,70,PG,1600053865,81,-2.02,147.27,83.23,11.7
98,sioux lookout,5,CA,1600053865,93,50.1,-91.92,41.0,2.24
99,sao joao da barra,0,BR,1600053828,83,-21.64,-41.05,73.45,23.42
100,kahului,40,US,1600053866,54,20.89,-156.47,84.2,19.46
101,salalah,20,OM,1600053866,83,17.02,54.09,77.0,3.36
102,bluff,4,NZ,1600053866,84,-46.6,168.33,53.01,18.99
103,sur,0,OM,1600053867,48,22.57,59.53,85.14,1.72
104,srednekolymsk,0,RU,1600053867,44,67.45,153.68,54.95,10.11
105,longyearbyen,75,SJ,1600053867,87,78.22,15.64,35.6,2.24
106,ancud,0,CL,1600053867,94,-41.87,-73.82,39.99,5.99
107,boa vista,29,BR,1600053868,69,2.82,-60.67,82.4,3.36
108,grojec,80,PL,1600053868,93,51.86,20.87,57.0,2.24
109,mabaruma,0,GY,1600053868,86,8.2,-59.78,76.21,3.76
110,puerto ayora,85,EC,1600053868,90,-0.74,-90.35,68.0,8.01
111,ixtapa,90,MX,1600053869,79,20.7,-105.2,84.2,2.24
112,bowen,40,AU,1600053869,50,-20.02,148.23,78.8,21.92
113,rawson,0,AR,1600053178,55,-43.3,-65.1,46.45,12.03
114,xiongzhou,78,CN,1600053869,69,25.12,114.3,80.94,4.07
115,caravelas,1,BR,1600053315,82,-17.71,-39.25,72.0,8.86
116,saskylakh,100,RU,1600053870,69,71.92,114.08,51.64,4.23
117,corumba,0,BR,1600053870,23,-19.01,-57.65,81.57,1.3
118,laguna,90,US,1600053870,47,38.42,-121.42,77.0,8.05
119,coihaique,20,CL,1600053870,84,-45.58,-72.07,42.8,2.24
120,xining,100,CN,1600053741,55,36.62,101.77,59.29,2.75
121,tiksi,7,RU,1600053870,77,71.69,128.87,45.79,4.59
122,mar del plata,0,AR,1600053871,81,-38.0,-57.56,45.0,6.93
123,ribeira grande,100,PT,1600053871,82,38.52,-28.7,71.76,16.08
124,vestmannaeyjar,78,IS,1600053871,80,63.44,-20.27,48.58,15.39
125,titlagarh,63,IN,1600053871,78,20.3,83.15,82.11,4.7
126,vigrestad,52,NO,1600053871,99,58.57,5.7,57.0,3.0
127,nome,90,US,1600053872,76,64.5,-165.41,51.8,19.46
128,lethem,29,GY,1600053872,63,3.38,-59.8,80.51,4.76
129,otane,3,NZ,1600053872,69,-39.88,176.63,60.01,7.0
130,sapa,99,PH,1600053872,67,5.15,120.32,85.42,1.19
131,college,75,US,1600053872,44,64.86,-147.8,57.2,0.78
132,barbacena,0,BR,1600053873,57,-21.23,-43.77,61.7,11.74
133,nikolskoye,0,RU,1600053873,87,59.7,30.79,52.0,8.95
134,yulara,0,AU,1600053873,24,-25.24,130.99,78.8,16.11
135,cabo san lucas,40,MX,1600053278,83,22.89,-109.91,82.0,11.41
136,joshimath,1,IN,1600053873,37,30.57,79.57,70.5,3.56
137,salinas,90,US,1600053770,82,36.68,-121.66,59.0,9.17
138,comodoro rivadavia,0,AR,1600053874,43,-45.87,-67.5,50.0,20.8
139,grants,1,US,1600053874,26,35.15,-107.85,59.0,4.45
140,crestview,75,US,1600053875,100,30.76,-86.57,75.2,4.7
141,lebu,0,CL,1600053875,82,-37.62,-73.65,46.67,18.88
142,arraial do cabo,0,BR,1600053875,83,-22.97,-42.03,73.4,19.46
143,hilo,90,US,1600053875,65,19.73,-155.09,80.6,4.7
144,bathsheba,40,BB,1600053876,83,13.22,-59.52,82.4,14.99
145,bethel,52,US,1600053876,94,41.37,-73.41,68.0,5.14
146,skibbereen,75,IE,1600053876,100,51.55,-9.27,57.2,8.05
147,bonthe,99,SL,1600053876,93,7.53,-12.51,76.66,3.65
148,alice springs,0,AU,1600053818,29,-23.7,133.88,77.0,10.29
149,pennagaram,75,IN,1600053876,88,12.13,77.9,78.8,2.89
150,dingle,48,PH,1600053294,71,11.0,122.67,87.46,5.57
151,warburton,0,PK,1600053877,74,31.55,73.83,84.2,6.24
152,vanimo,100,PG,1600053877,67,-2.67,141.3,86.9,7.4
153,bambous virieux,75,MU,1600053877,83,-20.34,57.76,71.01,12.75
154,pisco,40,PE,1600053872,82,-13.7,-76.22,62.6,4.7
155,namibe,86,AO,1600053878,83,-15.2,12.15,62.62,5.7
156,lata,100,PT,1600053290,85,40.16,-8.33,66.99,1.59
157,kushima,75,JP,1600053878,73,31.46,131.23,78.8,5.82
158,pundaguitan,93,PH,1600053878,71,6.37,126.17,82.72,2.39
159,benguela,0,AO,1600053879,85,-12.58,13.41,68.43,5.26
160,banda aceh,74,ID,1600053879,64,5.56,95.32,84.88,9.37
161,byron bay,0,AU,1600053603,64,-28.65,153.62,81.0,9.17
162,saint george,1,US,1600053624,8,37.1,-113.58,87.8,12.75
163,aksu,14,CN,1600053879,25,41.12,80.26,72.66,7.87
164,ligourion,20,GR,1600053879,57,37.62,23.03,77.0,5.82
165,tambacounda,20,SN,1600053880,88,13.75,-13.76,78.8,6.13
166,diffa,100,NE,1600053880,67,13.32,12.61,79.97,8.1
167,nouadhibou,20,MR,1600053880,69,20.93,-17.03,77.0,12.75
168,roald,100,NO,1600053880,81,62.58,6.13,51.8,5.82
169,tulum,98,MX,1600053670,73,20.22,-87.47,82.0,4.0
170,cherskiy,79,RU,1600053881,50,68.75,161.3,53.98,10.13
171,hofn,100,IS,1600053881,78,64.25,-15.21,45.05,8.77
172,coahuayana,100,MX,1600053881,84,18.73,-103.68,79.07,1.23
173,road town,53,VG,1600053881,89,18.42,-64.62,84.0,1.01
174,brae,100,GB,1600053882,100,60.4,-1.35,55.4,14.99
175,khanpur,54,PK,1600053882,34,28.65,70.66,96.3,7.56
176,jaisalmer,39,IN,1600053882,50,26.91,70.92,90.81,10.27
177,porto belo,40,BR,1600053882,94,-27.16,-48.55,68.0,3.36
178,riviere-du-loup,73,CA,1600053882,91,47.83,-69.53,59.94,24.16
179,poum,3,NC,1600053883,74,-20.23,164.02,74.21,12.24
180,meulaboh,84,ID,1600053883,77,4.14,96.13,82.47,2.55
181,hinton,100,CA,1600053883,86,53.4,-117.59,47.17,2.93
182,saint-joseph,75,RE,1600053883,93,-21.37,55.62,64.4,21.92
183,east london,20,ZA,1600053884,76,-33.02,27.91,55.4,8.05
184,quesnel,1,CA,1600053884,87,53.0,-122.5,55.4,5.73
185,ornes,75,NO,1600053884,71,66.87,13.71,51.01,23.04
186,ishigaki,75,JP,1600053884,79,24.34,124.16,87.8,9.17
187,pasni,36,PK,1600053884,45,25.26,63.47,86.05,9.95
188,butaritari,0,KI,1600053885,70,3.07,172.79,83.64,13.42
189,saint stephen,18,GB,1600053885,93,50.33,-4.9,59.0,9.17
190,victoria,55,HK,1600053663,70,22.29,114.16,87.01,10.0
191,atasu,89,KZ,1600053885,27,48.68,71.64,66.27,3.65
192,itoman,75,JP,1600053885,74,26.12,127.67,86.0,4.7
193,beringovskiy,83,RU,1600053885,87,63.05,179.32,49.68,12.03
194,varfurile,0,RO,1600053886,71,46.32,22.52,62.56,3.51
195,te anau,67,NZ,1600053886,78,-45.42,167.72,51.04,11.01
196,acari,46,PE,1600053886,62,-15.43,-74.62,62.2,3.04
197,yabrud,0,SY,1600053887,72,33.97,36.66,59.0,5.82
198,port lincoln,5,AU,1600053232,65,-34.73,135.87,60.51,8.16
199,ranong,75,TH,1600053887,83,9.97,98.63,84.2,1.12
200,kununurra,40,AU,1600053755,38,-15.77,128.73,93.2,14.99
201,vardo,75,NO,1600053887,87,70.37,31.11,46.4,12.75
202,marystown,98,CA,1600053887,100,47.17,-55.15,57.99,12.26
203,rawah,1,IQ,1600053888,35,34.48,41.91,79.57,10.4
204,kadiri,100,IN,1600053888,91,14.12,78.17,69.64,13.51
205,remedios,40,CU,1600053888,100,22.49,-79.55,75.2,3.36
206,pevek,100,RU,1600053888,76,69.7,170.31,45.0,10.92
207,mount isa,75,AU,1600053634,22,-20.73,139.5,86.0,12.75
208,murgab,0,TM,1600053889,36,37.5,61.97,62.6,5.55
209,portland,90,US,1600053835,72,45.52,-122.68,62.6,0.4
210,assiniboia,54,CA,1600053889,37,49.63,-105.98,57.18,11.77
211,ilulissat,0,GL,1600053889,45,69.22,-51.1,26.6,1.12
212,port alfred,0,ZA,1600053889,65,-33.59,26.89,56.48,10.4
213,lavrentiya,100,RU,1600053890,93,65.58,-171.0,43.12,15.79
214,kouroussa,82,GN,1600053890,92,10.65,-9.88,72.09,1.3
215,kalmunai,84,LK,1600053890,69,7.42,81.82,83.25,2.89
216,guanica,60,PR,1600053890,82,17.97,-66.91,80.01,7.9
217,mercedes,0,AR,1600053890,32,-34.65,-59.43,48.99,4.0
218,sorkjosen,55,NO,1600053891,84,69.8,20.93,47.39,8.01
219,santa fe,0,AR,1600053891,32,-31.63,-60.7,61.0,4.0
220,bulungu,28,CD,1600053891,72,-4.55,18.6,75.2,3.27
221,port blair,98,IN,1600053180,71,11.67,92.75,85.03,8.46
222,udachnyy,0,RU,1600053891,66,66.42,112.4,50.0,4.47
223,turukhansk,100,RU,1600053892,91,65.82,87.98,54.1,15.5
224,kato glikovrisi,0,GR,1600053892,74,36.83,22.78,75.0,10.22
225,narsaq,27,GL,1600053892,64,60.92,-46.05,33.8,4.7
226,kasongo-lunda,0,CD,1600053892,62,-6.47,16.82,74.35,3.78
227,taoudenni,15,ML,1600053665,13,22.68,-3.98,98.44,9.46
228,okha,0,RU,1600053893,64,53.57,142.95,65.53,3.31
229,santa maria,90,BR,1600053862,93,-29.68,-53.81,66.2,2.24
230,san patricio,100,MX,1600053893,83,19.22,-104.7,79.72,5.1
231,booue,100,GA,1600053893,93,-0.09,11.94,71.49,2.46
232,tautira,40,PF,1600053893,65,-17.73,-149.15,80.6,8.05
233,el dorado,90,US,1600053893,100,33.21,-92.67,73.4,3.36
234,lyman,99,UA,1600053894,35,48.99,37.8,57.85,5.28
235,smithers,90,CA,1600053894,81,54.78,-127.17,53.6,2.24
236,salym,100,RU,1600053895,81,60.06,71.48,48.76,2.59
237,dunedin,96,NZ,1600053895,49,-45.87,170.5,64.0,13.0
238,shagamu,20,NG,1600053895,83,6.84,3.65,77.0,2.57
239,whitefish,90,US,1600053682,81,48.41,-114.34,59.0,0.83
240,sabha,0,LY,1600053895,58,27.04,14.43,74.5,10.63
241,cotonou,40,BJ,1600053895,88,6.37,2.42,78.8,8.05
242,kindu,52,CD,1600053896,96,-2.95,25.95,70.03,3.56
243,guaiuba,69,BR,1600053896,74,-4.04,-38.64,79.0,14.99
244,kerchevskiy,100,RU,1600053896,94,59.95,56.29,50.65,13.69
245,bure,41,ET,1600053896,93,10.7,37.07,54.05,2.44
246,ratnagiri,100,IN,1600053897,87,16.98,73.3,77.36,5.08
247,kashi,20,CN,1600053897,42,39.45,75.98,68.0,11.18
248,sao filipe,93,CV,1600053897,82,14.9,-24.5,78.67,8.48
249,meridian,20,US,1600053819,63,43.61,-116.39,71.6,5.84
250,maltahohe,0,NA,1600053898,56,-24.83,16.98,47.71,6.04
251,sudzha,100,RU,1600053898,89,51.2,35.27,55.27,9.24
252,shentala,100,RU,1600053898,59,54.45,51.48,51.85,15.37
253,karratha,1,AU,1600053898,19,-20.74,116.85,95.5,20.6
254,kodiak,1,US,1600053899,62,57.79,-152.41,57.2,1.61
255,charkhi dadri,0,IN,1600053899,48,28.6,76.27,89.26,6.35
256,ampanihy,0,MG,1600053899,64,-24.7,44.75,67.57,8.16
257,mitzic,100,GA,1600053899,97,0.78,11.55,68.41,3.62
258,margate,0,GB,1600053899,68,51.38,1.39,63.0,4.9
259,sale,40,MA,1600053900,94,34.04,-6.82,71.01,3.27
260,dali,100,CN,1600053900,83,25.7,100.18,67.01,3.42
261,chapais,90,CA,1600053901,87,49.78,-74.85,44.6,9.17
262,novosheshminsk,100,RU,1600053901,61,55.07,51.23,53.98,13.29
263,concarneau,0,FR,1600053901,76,47.88,-3.92,59.0,5.82
264,jiaocheng,94,CN,1600053901,79,24.68,116.14,80.6,2.82
265,tuljapur,100,IN,1600053902,92,18.0,76.08,71.58,11.1
266,puerto varas,0,CL,1600053730,87,-41.32,-72.99,42.8,2.24
267,jutai,6,BR,1600053902,70,-5.18,-68.9,78.33,1.01
268,ust-karsk,100,RU,1600053902,85,52.7,118.81,54.46,3.56
269,vallenar,0,CL,1600053902,45,-28.57,-70.76,62.38,2.3
270,dukat,98,RU,1600053903,65,62.55,155.55,42.78,12.26
271,ellsworth,90,US,1600053903,93,44.54,-68.42,64.0,13.87
272,ucluelet,100,CA,1600053824,87,48.93,-125.55,60.01,4.41
273,ambilobe,0,MG,1600053903,79,-13.2,49.05,64.99,4.23
274,krasnopavlivka,90,UA,1600053903,36,49.14,36.33,58.93,7.76
275,kavaratti,40,IN,1600053903,78,10.57,72.64,82.4,13.87
276,preobrazheniye,100,RU,1600053904,86,42.9,133.91,59.65,16.08
277,nizhniy kuranakh,100,RU,1600053904,88,58.84,125.49,52.97,6.44
278,navalgund,90,IN,1600053904,94,15.57,75.37,73.4,5.82
279,dawei,67,MM,1600053904,66,14.08,98.2,87.35,1.88
280,kavieng,33,PG,1600053786,76,-2.57,150.8,84.06,13.33
281,sechura,9,PE,1600053905,80,-5.56,-80.82,62.44,14.85
282,tuatapere,6,NZ,1600053905,84,-46.13,167.68,53.01,18.99
283,anse-bertrand,20,GP,1600053905,88,16.47,-61.51,78.8,3.36
284,mantua,0,IT,1600053306,88,45.17,10.78,69.01,4.7
285,ancuya,66,CO,1600053906,58,1.27,-77.52,64.42,7.83
286,hami,54,CN,1600053906,23,42.8,93.45,70.05,8.16
287,hasaki,75,JP,1600053906,88,35.73,140.83,79.0,4.7
288,salinopolis,65,BR,1600053906,82,-0.61,-47.36,79.74,12.59
289,esso,99,RU,1600053906,82,55.93,158.7,40.14,7.99
290,kimbe,5,PG,1600053906,55,-5.55,150.14,90.79,9.46
291,gavrilov-yam,0,RU,1600053907,93,57.3,39.85,46.4,8.95
292,rocha,26,UY,1600053907,92,-34.48,-54.33,49.03,11.05
293,knysna,0,ZA,1600053320,87,-34.04,23.05,46.4,4.7
294,bari,0,IT,1600053907,72,41.12,16.85,72.0,5.82
295,cauquenes,0,CL,1600053908,81,-35.97,-72.32,43.2,11.5
296,sukosd,32,HU,1600053908,66,46.28,19.0,64.8,5.91
297,luganville,75,VU,1600053908,83,-15.53,167.17,77.0,6.93
298,esperance,55,AU,1600053908,55,-33.87,121.9,66.2,10.29
299,tabou,92,CI,1600053909,89,4.42,-7.35,76.14,10.22
300,doka,43,SD,1600053909,98,13.52,35.77,70.0,8.84
301,fuxin,78,CN,1600053909,66,42.02,121.66,69.13,2.75
302,wattegama,40,LK,1600053612,100,6.8,81.48,78.8,8.05
303,visby,67,SE,1600053909,87,57.64,18.3,62.01,14.99
304,airai,1,TL,1600053909,38,-8.93,125.41,75.15,7.76
305,mbigou,98,GA,1600053910,94,-1.9,11.91,66.47,3.96
306,saint-marc-des-carrieres,90,CA,1600053842,95,46.68,-72.05,64.0,10.29
307,qixingtai,100,CN,1600053910,94,30.41,111.89,66.2,3.31
308,bantry,75,IE,1600053910,100,51.68,-9.45,57.2,8.05
309,cabra,100,ES,1600053910,54,37.47,-4.44,72.0,1.63
310,pangnirtung,57,CA,1600053911,80,66.15,-65.71,36.18,1.12
311,nantucket,1,US,1600053911,93,41.28,-70.1,66.2,8.05
312,villiers,0,ZA,1600053911,58,-27.03,28.6,51.08,5.88
313,antofagasta,90,CL,1600053912,76,-23.65,-70.4,57.2,5.82
314,dolzhanskaya,0,RU,1600053912,53,46.63,37.8,69.19,6.02
315,la ronge,90,CA,1600053912,81,55.1,-105.28,48.2,2.24
316,coquimbo,0,CL,1600053912,81,-29.95,-71.34,51.8,3.58
317,guerrero negro,42,MX,1600053913,59,27.98,-114.06,76.55,13.69
318,slave lake,90,CA,1600053913,81,55.28,-114.77,50.0,3.36
319,muros,100,ES,1600053913,90,42.78,-9.06,64.99,1.01
320,ayacucho,8,PE,1600053913,58,-13.16,-74.22,56.19,4.63
321,severo-kurilsk,0,RU,1600053913,67,50.68,156.12,53.24,14.29
322,kollam,75,IN,1600053667,88,8.88,76.6,82.4,1.12
323,sangin,0,AF,1600053914,17,32.07,64.84,75.36,3.4
324,muisne,95,EC,1600053914,87,0.6,-80.03,74.08,6.6
325,klaksvik,100,FO,1600053314,93,62.23,-6.59,44.6,11.18
326,kupang,20,ID,1600053749,35,-10.17,123.58,89.6,10.29
327,waingapu,18,ID,1600053914,40,-9.66,120.26,86.83,15.5
328,cam ranh,40,VN,1600053914,79,11.92,109.16,87.8,2.24
329,zimovniki,0,RU,1600053915,44,47.15,42.46,55.06,4.03
330,tigil,100,RU,1600053915,87,57.8,158.67,45.73,13.0
331,yukamenskoye,100,RU,1600053915,95,57.89,52.24,50.34,13.87
332,key largo,100,US,1600053915,74,25.09,-80.45,82.99,1.99
333,geraldton,32,AU,1600053916,26,-28.77,114.6,80.6,18.34
334,husavik,90,IS,1600053916,93,66.04,-17.34,39.2,3.36
335,erenhot,47,CN,1600053916,28,43.65,111.98,62.33,11.1
336,wainwright,100,CA,1600053916,59,52.84,-110.86,50.63,13.06
337,namikupa,93,TZ,1600053917,93,-10.83,39.6,69.06,4.03
338,aklavik,75,CA,1600053917,70,68.22,-135.01,41.0,3.87
339,aksarka,100,RU,1600053917,83,66.56,67.8,46.11,14.38
340,dong xoai,92,VN,1600053917,80,11.53,106.92,83.86,3.71
341,belaya gora,3,RU,1600053917,37,68.53,146.42,58.44,15.75
342,gravdal,75,NO,1600053918,81,68.12,13.5,48.2,4.7
343,mehamn,90,NO,1600053918,81,71.04,27.85,48.2,9.17
344,aykhal,0,RU,1600053622,66,66.0,111.5,50.0,4.47
345,sitka,1,US,1600053918,29,57.05,-135.33,60.8,5.82
346,kibiti,27,TZ,1600053918,99,-7.72,38.94,68.63,1.07
347,dire,81,ML,1600053665,94,12.28,-10.97,73.85,1.12
348,itarema,25,BR,1600053919,79,-2.92,-39.92,77.43,17.4
349,quatre cocos,75,MU,1600053919,83,-20.21,57.76,71.01,12.75
350,ulladulla,40,AU,1600053919,60,-35.35,150.47,68.0,9.17
351,vostok,100,RU,1600053919,47,46.49,135.88,61.29,4.29
352,solnechnyy,99,RU,1600053919,53,50.72,136.63,73.13,3.49
353,auki,0,SB,1600053920,58,-8.77,160.7,87.75,4.7
354,lucea,20,JM,1600053920,88,18.45,-78.17,81.0,2.24
355,wanaka,88,NZ,1600053920,77,-44.7,169.15,50.72,9.19
356,vodnyy,94,RU,1600053920,92,63.5,53.41,49.08,7.94
357,galesong,20,ID,1600053920,33,-5.32,119.37,91.4,4.7
358,dongsheng,61,CN,1600053921,46,39.82,109.98,63.7,7.94
359,nara,75,JP,1600053659,57,34.69,135.8,82.99,2.24
360,izvestkovyy,100,RU,1600053921,52,48.98,131.55,70.25,4.21
361,tasiilaq,98,GL,1600053921,96,65.61,-37.64,28.47,3.13
362,diamantino,0,BR,1600053921,27,-14.41,-56.45,78.21,6.8
363,praia da vitoria,40,PT,1600053921,94,38.73,-27.07,73.0,13.53
364,pinega,100,RU,1600053922,93,64.7,43.39,49.5,11.01
365,usinsk,100,RU,1600053922,93,65.99,57.53,49.5,16.69
366,ardalstangen,100,NO,1600053729,97,61.24,7.7,48.99,3.49
367,nyuksenitsa,100,RU,1600053922,84,60.41,44.24,48.34,13.94
368,porto santo,20,PT,1600053922,83,33.07,-16.34,69.8,5.82
369,sorland,75,NO,1600053727,81,67.67,12.69,48.2,4.7
370,buraydah,0,SA,1600053923,35,26.33,43.98,73.4,2.24
371,zyryanovsk,3,KZ,1600053923,40,49.74,84.27,57.2,1.07
372,kumphawapi,40,TH,1600053923,70,17.11,103.01,86.0,4.7
373,catuday,70,PH,1600053923,76,16.29,119.81,83.68,1.16
374,holme,2,DK,1600053924,93,56.11,10.17,59.0,6.93
375,san cristobal,96,VE,1600053924,88,7.77,-72.22,66.67,3.04
376,san lawrenz,20,MT,1600053924,78,36.06,14.2,75.2,9.17
377,fort nelson,90,CA,1600053924,75,58.81,-122.7,41.0,3.36
378,iqaluit,90,CA,1600053924,65,63.75,-68.51,41.0,6.93
379,tazovskiy,97,RU,1600053925,89,67.47,78.7,47.55,6.15
380,okhotsk,68,RU,1600053925,47,59.38,143.3,63.01,5.41
381,khasan,78,RU,1600053925,68,42.43,130.64,65.95,11.21
382,manokwari,84,ID,1600053638,73,-0.87,134.08,83.79,4.16
383,surt,0,LY,1600053925,78,31.21,16.59,79.99,13.31
384,livingston,90,GB,1600053926,87,55.9,-3.52,61.0,13.87
385,mountain home,1,US,1600053796,17,43.13,-115.69,71.6,7.74
386,hambantota,75,LK,1600053926,88,6.12,81.12,82.4,9.17
387,oriximina,12,BR,1600053926,80,-1.77,-55.87,77.32,2.75
388,bage,90,BR,1600053926,93,-31.33,-54.11,60.8,5.82
389,isangel,90,VU,1600053926,78,-19.55,169.27,77.0,11.41
390,clevelandia,100,BR,1600053927,49,-26.4,-52.47,67.42,6.38
391,sao jose da coroa grande,5,BR,1600053927,77,-8.9,-35.15,73.58,8.59
392,stokmarknes,75,NO,1600053927,71,68.56,14.91,51.8,21.92
393,jacareacanga,45,BR,1600053927,49,-6.22,-57.75,81.19,1.12
394,manggar,69,ID,1600053928,67,-2.88,108.27,84.58,8.43
395,canton,100,CN,1600053874,37,23.12,113.25,91.0,7.14
396,henderson,1,US,1600053644,12,36.04,-114.98,91.4,6.93
397,mackay,10,AU,1600053651,65,-21.15,149.2,78.8,19.46
398,moldovita,7,RO,1600053928,77,47.68,25.53,63.0,8.05
399,whitianga,8,NZ,1600053928,75,-36.83,175.7,57.99,13.0
400,marovoay,29,MG,1600053929,68,-16.1,46.63,68.0,5.82
401,fairbanks,1,US,1600053633,41,64.84,-147.72,57.2,0.65
402,kenai,1,US,1600053929,42,60.55,-151.26,62.6,6.93
403,panchagarh,75,BD,1600053929,94,26.33,88.56,78.8,6.93
404,codrington,79,AU,1600053930,71,-38.27,141.97,56.86,11.5
405,kaele,100,CM,1600053930,93,10.11,14.45,70.92,5.73
406,dhankuta,28,NP,1600053930,78,26.98,87.33,76.42,1.99
407,menongue,0,AO,1600053930,39,-14.66,17.69,53.91,4.52
408,ryotsu,75,JP,1600053930,73,38.08,138.43,75.2,10.29
409,camacha,20,PT,1600053931,83,33.08,-16.33,69.8,5.82
410,inhambane,1,MZ,1600053931,83,-23.86,35.38,68.41,5.26
411,torbay,90,CA,1600053915,81,47.67,-52.73,55.0,11.41
412,broken hill,0,AU,1600053899,34,-31.95,141.43,66.2,13.87
413,oranjestad,20,AW,1600053674,84,12.52,-70.03,86.0,13.87
414,tateyama,75,JP,1600053931,83,34.98,139.87,82.0,8.05
415,hamilton,75,US,1600053931,88,39.18,-84.53,71.01,6.91
416,umm bab,75,QA,1600053932,41,25.21,50.81,91.4,6.93
417,olenegorsk,67,RU,1600053932,90,68.15,33.3,41.07,6.11
418,leningradskiy,100,RU,1600053932,73,69.38,178.42,43.45,7.61
419,kokkola,0,FI,1600053932,71,63.84,23.13,52.0,6.93
420,bozoum,100,CF,1600053933,95,6.32,16.38,68.16,1.95
421,cayenne,40,GF,1600053933,100,4.93,-52.33,77.0,8.84
422,talnakh,40,RU,1600053933,93,69.49,88.4,53.6,13.42
423,sydney,20,AU,1600053806,68,-33.87,151.21,69.01,13.87
424,chemainus,90,CA,1600053933,93,48.92,-123.72,57.0,2.24
425,farafangana,38,MG,1600053933,88,-22.82,47.83,68.0,6.31
426,chunskiy,99,RU,1600053933,80,56.08,99.63,48.36,7.23
427,cassilandia,0,BR,1600053934,26,-19.11,-51.73,73.47,2.82
428,xiaoyi,62,CN,1600053934,58,34.62,109.7,77.56,5.59
429,bengkulu,77,ID,1600053701,71,-3.8,102.27,82.94,6.78
430,sumbe,1,AO,1600053934,89,-11.21,13.84,69.55,2.73
431,baykit,0,RU,1600053934,62,61.67,96.37,59.13,1.01
432,macas,20,EC,1600053935,77,-2.32,-78.12,64.65,3.36
433,ahar,0,IR,1600053935,63,38.48,47.07,59.47,1.68
434,kilimatinde,0,TZ,1600053935,81,-5.85,34.95,60.3,3.33
435,escanaba,1,US,1600053935,93,45.75,-87.06,50.0,3.36
436,sabana de torres,100,CO,1600053935,86,7.39,-73.5,77.9,3.76
437,saint-pierre,75,RE,1600053935,93,-21.34,55.48,64.4,21.92
438,cuenca,67,EC,1600053898,67,-2.88,-78.98,57.2,2.24
439,kirakira,41,SB,1600053936,71,-10.45,161.92,84.38,8.46
440,egvekinot,100,RU,1600053936,92,66.32,-179.17,38.95,11.12
441,uige,6,AO,1600053936,85,-7.61,15.06,64.76,2.98
442,haines junction,1,CA,1600053936,63,60.75,-137.51,42.3,2.8
443,zella-mehlis,30,DE,1600053936,82,50.65,10.65,64.0,9.17
444,sibolga,81,ID,1600053937,58,1.74,98.78,85.3,3.27
445,baruun-urt,0,MN,1600053937,36,46.68,113.28,57.29,15.5
446,burgeo,99,CA,1600053937,80,47.62,-57.62,57.97,19.06
447,amberley,75,US,1600053937,88,39.2,-84.43,71.01,6.49
448,naryan-mar,100,RU,1600053937,96,67.67,53.09,48.87,10.4
449,garango,20,BF,1600053938,93,11.8,-0.55,73.98,7.34
450,bonavista,65,CA,1600053938,76,48.65,-53.11,55.0,16.33
451,neyvo-shaytanskiy,100,RU,1600053938,81,57.73,61.25,47.52,9.69
452,bandarbeyla,0,SO,1600053938,66,9.49,50.81,80.22,21.94
453,santa lucia,20,ES,1600053938,78,27.91,-15.54,73.4,12.75
454,mangan,99,IN,1600053939,55,27.52,88.53,78.94,1.97
455,julio de castilhos,90,BR,1600053939,93,-29.23,-53.68,66.2,2.24
456,henties bay,0,NA,1600053673,89,-22.12,14.28,52.0,3.0
457,phonhong,75,LA,1600053939,70,18.5,102.42,87.8,2.24
458,richards bay,73,ZA,1600053939,77,-28.78,32.04,68.74,9.46
459,jand,0,PK,1600053940,42,33.43,72.02,87.15,7.83
460,zhoucheng,99,CN,1600053940,75,35.91,116.31,74.37,3.31
461,rapid valley,1,US,1600053940,67,44.06,-103.15,61.0,8.05
462,yaan,100,NG,1600053940,98,7.38,8.57,72.34,4.14
463,conde,40,BR,1600053940,94,-7.26,-34.91,71.6,3.36
464,jalu,0,LY,1600053941,44,29.03,21.55,78.98,11.92
465,awbari,0,LY,1600053941,37,26.59,12.78,73.6,4.0
466,el copey,32,CO,1600053941,88,10.15,-73.96,75.0,2.19
467,quelimane,40,MZ,1600053941,94,-17.88,36.89,69.01,2.24
468,divnogorsk,0,RU,1600053941,71,55.96,92.36,55.4,2.24
469,srandakan,73,ID,1600053942,59,-7.94,110.25,82.6,12.28
470,orlik,100,RU,1600053942,66,52.52,99.83,41.61,9.53
471,taga,0,RO,1600053942,87,46.95,24.05,57.2,4.7
472,zhicheng,100,CN,1600053942,91,30.3,111.5,66.27,1.66
473,jiwani,0,PK,1600053942,73,25.05,61.74,82.24,4.97
474,guanare,1,VE,1600053943,91,9.04,-69.74,74.57,3.22
475,nerja,100,ES,1600053943,72,36.76,-3.89,73.0,1.88
476,miramar,1,US,1600053903,88,25.99,-80.23,82.99,4.7
477,marienburg,0,PL,1600053943,100,54.04,19.03,53.01,8.75
478,pemba,75,MZ,1600053943,94,-12.97,40.52,73.4,4.7
479,vao,10,NC,1600053943,80,-22.67,167.48,69.39,16.4
480,iskateley,100,RU,1600053944,96,67.68,53.15,48.72,10.31
481,berlevag,90,NO,1600053944,81,70.86,29.09,48.2,9.17
482,marsa matruh,0,EG,1600053944,73,31.35,27.25,75.2,4.7
483,ambon,40,ID,1600053944,66,-3.7,128.18,86.0,9.17
484,araouane,0,ML,1600053944,18,18.9,-3.53,95.63,7.9
485,pedernales,100,DO,1600053945,72,18.04,-71.74,80.89,4.79
486,grindavik,75,IS,1600053945,87,63.84,-22.43,44.6,10.29
487,san antonio,1,US,1600053936,54,29.42,-98.49,86.0,6.93
488,sebeta,20,ET,1600053945,87,8.92,38.62,53.6,6.93
489,gat,0,IL,1600053945,100,31.61,34.76,77.0,3.78
490,kitale,1,KE,1600053945,92,1.02,35.01,53.47,0.45
491,kristinehamn,100,SE,1600053946,93,59.31,14.11,60.8,9.17
492,axim,99,GH,1600053946,92,4.87,-2.24,75.47,7.45
493,arraias,1,BR,1600053946,50,-12.93,-46.94,70.3,5.28
494,falam,100,MM,1600053665,99,22.92,93.68,65.46,1.21
495,shimoda,75,JP,1600053946,83,34.67,138.95,78.8,8.05
496,bilibino,100,RU,1600053946,60,68.05,166.44,46.51,8.61
497,kerema,75,PG,1600053947,76,-7.96,145.78,79.48,10.89
498,filingue,91,NE,1600053947,63,14.35,3.32,83.7,11.07
499,saurimo,38,AO,1600053947,35,-9.66,20.39,66.34,2.8
500,can tho,75,VN,1600053853,94,10.03,105.78,80.6,4.7
501,xifeng,39,CN,1600053947,70,42.74,124.72,68.38,4.21
502,tura,97,IN,1600053948,94,25.52,90.22,76.98,5.88
503,okoneshnikovo,0,RU,1600053948,53,54.84,75.08,57.09,7.07
504,puerto madero,75,MX,1600053948,100,14.72,-92.42,77.0,5.82
505,uruguaiana,90,BR,1600053743,88,-29.75,-57.09,64.4,18.34
506,vila franca do campo,40,PT,1600053949,78,37.72,-25.43,71.6,14.99
507,chamalieres,0,FR,1600053949,77,45.78,3.06,59.0,2.24
508,sembakung,87,ID,1600053949,85,3.82,117.25,83.73,1.48
509,chapleau,0,CA,1600053949,80,47.84,-83.4,37.67,5.03
510,komsomolskiy,0,UZ,1600053949,33,40.43,71.72,73.4,6.31
511,nemuro,75,JP,1600053950,67,43.32,145.57,60.8,8.05
512,boende,87,CD,1600053950,98,-0.22,20.87,70.27,1.95
513,wilmington,58,US,1600053933,97,34.23,-77.94,77.0,4.61
514,gwembe,0,ZM,1600053950,67,-16.5,27.61,58.46,3.91
515,innisfail,15,AU,1600053950,68,-17.53,146.03,73.0,5.99
516,natitingou,46,BJ,1600053951,94,10.3,1.38,75.2,2.24
517,kapuskasing,40,CA,1600053951,87,49.42,-82.43,42.8,8.05
518,jacqueville,75,CI,1600053951,100,5.21,-4.41,75.2,6.93
519,sambava,14,MG,1600053951,81,-14.27,50.17,68.2,13.44
520,bytosh,62,RU,1600053951,87,53.82,34.09,48.2,8.95
521,havre-saint-pierre,90,CA,1600053952,100,50.23,-63.6,51.8,8.05
522,westport,90,US,1600053707,78,41.14,-73.36,73.4,11.41
523,podkletnoye,100,RU,1600053952,87,51.59,39.46,57.2,11.18
